/*
Navicat MySQL Data Transfer

Source Server         : Laravel
Source Server Version : 100203
Source Host           : localhost:3306
Source Database       : tytheater

Target Server Type    : MYSQL
Target Server Version : 100203
File Encoding         : 65001

Date: 2017-10-07 19:42:49
*/

SET FOREIGN_KEY_CHECKS=0;

-- ----------------------------
-- Table structure for categories
-- ----------------------------
DROP TABLE IF EXISTS `categories`;
CREATE TABLE `categories` (
  `cate_id` int(11) NOT NULL AUTO_INCREMENT,
  `cate_name` varchar(100) NOT NULL,
  PRIMARY KEY (`cate_id`)
) ENGINE=InnoDB AUTO_INCREMENT=9 DEFAULT CHARSET=latin1;

-- ----------------------------
-- Records of categories
-- ----------------------------
INSERT INTO `categories` VALUES ('1', 'action');
INSERT INTO `categories` VALUES ('2', 'Horror');
INSERT INTO `categories` VALUES ('3', 'Drama');
INSERT INTO `categories` VALUES ('4', 'Comedy');
INSERT INTO `categories` VALUES ('5', 'Adventure');
INSERT INTO `categories` VALUES ('6', 'Animation');
INSERT INTO `categories` VALUES ('7', 'Sci-fi');
INSERT INTO `categories` VALUES ('8', 'Mystery');

-- ----------------------------
-- Table structure for movies
-- ----------------------------
DROP TABLE IF EXISTS `movies`;
CREATE TABLE `movies` (
  `movie_id` int(11) NOT NULL AUTO_INCREMENT,
  `user_id` int(11) NOT NULL,
  `movie_cate_id` int(11) NOT NULL,
  `movie_title` varchar(100) NOT NULL,
  `movie_image` varchar(100) CHARACTER SET latin1 NOT NULL,
  `movie_description` text CHARACTER SET latin1 NOT NULL,
  `movie_date` date NOT NULL,
  `movie_tags` varchar(255) CHARACTER SET latin1 NOT NULL,
  `movie_trailer` varchar(255) CHARACTER SET latin1 NOT NULL,
  `movie_full` varchar(255) CHARACTER SET latin1 NOT NULL,
  `movie_resolution` varchar(100) CHARACTER SET latin1 NOT NULL,
  `status` int(1) NOT NULL,
  `date_added` datetime NOT NULL,
  PRIMARY KEY (`movie_id`)
) ENGINE=InnoDB AUTO_INCREMENT=73 DEFAULT CHARSET=utf8;

-- ----------------------------
-- Records of movies
-- ----------------------------
INSERT INTO `movies` VALUES ('1', '1', '5', 'Avenger Age Ultron', 'Avenger Age Ultron.jpg', 'When Tony Stark jumpstarts a dormant peacekeeping program, things go awry and Earth’s Mightiest Heroes, including Iron Man, Captain America, Thor, The Incredible Hulk, Black Widow and Hawkeye, are put to the ultimate test as they battle to save the planet from destruction at the hands of the villainous Ultron.\r\n\r\n    Facebook\r\n    Twitter\r\n\r\nDirector\r\n    Joss Whedon\r\n\r\nWriters\r\n    Joss Whedon\r\n\r\nActors\r\n    Robert Downey Jr., Chris Hemsworth, Mark Ruffalo, Chris Evans, Scarlett Johannson, Jeremy Renner, Aaron Taylor-Johnson, Elizabeth Olsen, Paul Bettany, Cobie Smulders\r\n\r\nGenre\r\n    Action and Adventure, Science Fiction\r\n\r\nRun Time\r\n    2 hours 21 minutes', '2015-05-01', 'Avenger,Avenger Age Ultron', 'avengers2-720p.mp4', '', 'HD 1080p', '1', '2017-09-18 00:00:00');
INSERT INTO `movies` VALUES ('2', '1', '6', 'Moana', 'Moana.jpg', 'Walt Disney Animation Studios’ new feature film “Moana” is about an adventurous teenager who, with help from demigod Maui, sails out on a daring mission to prove herself a master wayfinder and save her people.\r\n\r\n    Facebook\r\n    Twitter\r\n    Official Website\r\n\r\nDirector\r\n    Ron Clements, John Musker\r\n\r\nWriters\r\n    Ron Clements , John Musker \r\n\r\nActors\r\n    Auli\'i Cravelho, Dwayne Johnson\r\n\r\nGenre\r\n    Comedy, Action and Adventure\r\n\r\nRun Time\r\n    1 hour 36 minutes', '2016-11-23', 'MOANA,moana', 'Moana720p.mp4', '', 'HD 1080p', '1', '2017-09-18 00:00:00');
INSERT INTO `movies` VALUES ('3', '1', '6', 'Beauty and the Beast', 'Beauty and the Beast.jpg', 'Disney’s “Beauty and the Beast” is a live-action re-telling of the studio’s animated classic which refashions the classic characters from the tale as old as time for a contemporary audience, staying true to the original music while updating the score with several new songs.\r\n\r\n    Facebook\r\n    Twitter\r\n\r\nDirector\r\n    Bill Condon\r\n\r\nActors\r\n    Emma Watson, Dan Stevens, Luke Evans, Kevin Kline, Josh Gad, Ewan McGregor, Stanley Tucci, Gugu Mbatha-Raw, Audra McDonald, Ian McKellen, Emma Thompson\r\n\r\nGenre\r\n    Musical, Fantasy\r\n\r\nRun Time\r\n    2 hours 9 minutes', '2017-03-17', 'Beauty and the Beat', 'Beauty and the Beast.mp4', '', 'HD 1080p', '1', '2017-09-18 00:00:00');
INSERT INTO `movies` VALUES ('4', '1', '1', 'Assassin\'s Creed', 'Assassins.jpg', 'Through a revolutionary technology that unlocks his genetic memories, Callum Lynch (Michael Fassbender) experiences the adventures of his ancestor, Aguilar, in 15th Century Spain. Callum discovers he is descended from a mysterious secret society, the Assassins, and amasses incredible knowledge and skills to take on the oppressive and powerful Templar organization in the present day.\r\n\r\n    Facebook\r\n    Twitter\r\n    Official Website\r\n\r\nDirector\r\n    Justin Kurzel\r\n\r\nActors\r\n    Michael Fassbender, Marion Cotillard, Jeremy Irons, Brendan Gleeson, Michael K. Williams\r\n\r\nGenre\r\n    Action and Adventure, Science Fiction\r\n\r\nRun Time\r\n    1 hour 55 minutes  1 hour 55 minutes', '2016-12-21', 'AssassinsCreed, Assassins,Assassin\'s Creed', 'Assassin\'s Creed.mp4', '', 'HD 1080p', '1', '2017-09-18 00:00:00');
INSERT INTO `movies` VALUES ('5', '1', '5', 'Ben Hur', 'Ben Hur.jpg', 'BEN-HUR is the epic story of Judah Ben-Hur (Jack Huston), a prince falsely accused of treason by his adopted brother Messala (Toby Kebbell), an officer in the Roman army. Stripped of his title, separated from his family and the woman he loves (Nazanin Boniadi), Judah is forced into slavery. After years at sea, Judah returns to his homeland to seek revenge, but finds redemption. Based on Lew Wallace’s timeless novel, Ben-Hur: A Tale of the Christ. Also starring Morgan Freeman and Rodrigo Santoro.      Facebook     Twitter     Official Website  Director     Timur Bekmambetov  Writers     Keith Clarke, John Ridley  Actors     Jack Huston, Toby Kebbell, Rodrigo Santoro, Nazanin Boniadi, Ayelet Zurer, Sofia Black D\'Elia, Morgan Freeman  Genre     Action and Adventure, Drama  Run Time     1 hour 40 minutes', '2016-08-12', 'Ben Hur,ben hur', 'Ben Hur.mp4', '', 'HD 1080p', '1', '2017-09-18 00:00:00');
INSERT INTO `movies` VALUES ('6', '1', '5', 'Captain America: Civil War', 'Capitan.jpg', 'Political pressure mounts to install a system of accountability when the actions of the Avengers lead to collateral damage. The new status quo deeply divides members of the team. Captain America (Chris Evans) believes superheroes should remain free to defend humanity without government interference. Iron Man (Robert Downey Jr.) sharply disagrees and supports oversight. As the debate escalates into an all-out feud, Black Widow (Scarlett Johansson) and Hawkeye (Jeremy Renner) must pick a side.      Facebook     Twitter  Director     Anthony Russo, Joe Russo  Writers     Stephen McFeely, Christopher Markus  Actors     Chris Evans, Robert Downey Jr., Scarlett Johansson, Sebastian Stan, Anthony Mackie, Paul Bettany, Jeremy Renner, Don Cheadle, Elizabeth Olsen, Paul Rudd  Genre     Action and Adventure  Run Time     2 hours 26 minutes', '2016-05-06', 'Captain America,Captain,Captain America Civil War ', 'Captain America Civil War.mp4', '', 'HD 1080p', '1', '2017-09-18 00:00:00');
INSERT INTO `movies` VALUES ('7', '1', '3', 'Cloud Atlas', 'Cloud Atlas.jpg', '\"Cloud Atlas\" explores how the actions and consequences of individual lives impact one another throughout the past, the present and the future. Action, mystery and romance weave dramatically through the story as one soul is shaped from a killer into a hero and a single act of kindness ripples across centuries to inspire a revolution in the distant future.      Facebook     Twitter     Official Website  Director     Lana Wachowski, Tom Tykwer, Andy Wachowski  Writers     Lana Wachowski, Tom Tykwer, Andy Wachowski  Actors     Tom Hanks, Halle Berry, Jim Broadbent, Hugo Weaving, Jim Sturgess, Doona Bae, Ben Whishaw, James D\'Arcy, Xun Zhou, Keith David, David Gyasi, Susan Sarandon, Hugh Grant  Genre     Drama  Run Time     2 hours 52 minutes', '2012-10-26', 'Cloud Atlas', 'Cloud Atlas.mp4', '', 'HD 1080p', '1', '2017-09-18 00:00:00');
INSERT INTO `movies` VALUES ('8', '1', '3', 'Deepwater Horizon', 'Deepwater.jpg', 'On April 20th, 2010, the world’s largest man-made disaster occurred on the Deepwater Horizon in the Gulf of Mexico. Directed by Peter Berg (Lone Survivor), this story honors the brave men and women whose heroism would save many on board and change everyone’s lives forever.      Facebook     Twitter     Official Website  Director     Peter Berg  Writers     Matthew Michael Carnahan, Matthew Sand  Actors     Mark Wahlberg, Kurt Russell, John Malkovich, Gina Rodriguez, Dylan O\'Brien, Kate Hudson  Genre     Drama  Run Time     1 hour 37 minutes', '2016-09-30', 'Deepwater Horizon', 'Deepwater Horizon.mp4', '', 'HD 1080p', '1', '2017-09-18 00:00:00');
INSERT INTO `movies` VALUES ('9', '1', '1', 'Don\'t Breathe ', 'DONT Breathe.jpg', 'A trio of reckless thieves breaks into the house of a wealthy blind man, thinking they’ll get away with the perfect heist. They’re wrong.      Facebook     Twitter     Official Website  Director     Fede Alvarez  Writers     Fede Alvarez, Rodo Sayagues  Actors     Jane Levy, Dylan Minnette, Daniel Zovatto, Stephen Lang  Genre     Thriller  Run Time     1 hour 28 minutes', '2016-08-26', 'Don\'t Breathe', 'Don\'t Breathe.mp4', '', 'HD 1080p', '1', '2017-09-18 00:00:00');
INSERT INTO `movies` VALUES ('10', '1', '1', 'Fantastic Beasts and Where to Find Them', 'Fantastic Beasts.jpg', '“Fantastic Beasts and Where to Find Them” opens in 1926 as Newt Scamander has just completed a global excursion to find and document an extraordinary array of magical creatures. Arriving in New York for a brief stopover, he might have come and gone without incident… were it not for a No-Maj (American for Muggle) named Jacob, a misplaced magical case, and the escape of some of Newt’s fantastic beasts, which could spell trouble for both the wizarding and No-Maj worlds.      Facebook     Twitter     Official Website  Director     David Yates  Writers     J.K. Rowling  Actors     Eddie Redmayne, Katherine Waterston, Dan Fogler, Alison Sudol, Ezra Miller, Samantha Morton, Jon Voight, Ron Perlman, Carmen Ejogo, Colin Farrell  Genre     Action and Adventure  Run Time     2 hours 13 minutes', '2016-11-18', 'Fantastic Beasts and Where to Find Them,Fantastic Beasts', 'Fantastic Beasts and Where to Find Them.mp4', '', 'HD 1080p', '1', '2017-09-18 00:00:00');
INSERT INTO `movies` VALUES ('11', '1', '1', 'Guardians of the Galaxy Vol. 2', 'Guardians Galaxy.jpg', 'Set to the all-new sonic backdrop of Awesome Mixtape #2, Marvel’s “Guardians of the Galaxy Vol. 2” continues the team’s adventures as they traverse the outer reaches of the cosmos. The Guardians must fight to keep their newfound family together as they unravel the mystery of Peter Quill’s true parentage. Old foes become new allies and fan-favorite characters from the classic comics will come to our heroes’ aid as the Marvel Cinematic Universe continues to expand. Marvel’s “Guardians of the Galaxy Vol. 2” blasts into theaters on May 5, 2017.      Facebook     Twitter     Official Website  Director     James Gunn  Actors     Chris Pratt, Zoe Saldana, Dave Bautista, Vin Diesel, Bradley Cooper, Michael Rooker, Karen Gillan, Pom Klementieff, Elizabeth Debicki, Kurt Russell  Genre     Action and Adventure  Run Time     2 hours 17 minutes', '2017-05-05', 'Guardians of the Galaxy Vol. 2,Guardians of the Galaxy', 'Guardians of the Galaxy.mp4', '', 'HD 1080p', '1', '2017-09-18 00:00:00');
INSERT INTO `movies` VALUES ('12', '1', '3', 'Hands of Stone', 'Hands of stone.jpg', 'HANDS OF STONE follows the life of Roberto Durán (Edgar Ramirez), the Panamanian fighter who made his professional debut in 1968 as a 16-year?old and retired in 2002 at the age of 50. In June 1980, he defeated Sugar Ray Leonard (Usher Raymond) to capture the WBC welterweight title, but shocked the boxing world by returning to his corner in their November rematch, famously saying the words “no mas” (no more).      Facebook     Twitter  Director     Jonathan Jakubowicz  Writers     Jonathan Jakubowicz  Actors     Robert De Niro, Edgar Ramirez, Usher Raymond IV, Ana de Armas, Ellen Barkin, John Turturro  Genre     Drama  Run Time     1 hour 56 minutes', '2016-08-26', 'Hands of Stone', 'Hands of Stone.mp4', '', 'HD 1080p', '1', '2017-09-18 00:00:00');
INSERT INTO `movies` VALUES ('13', '1', '1', 'IT', 'IT.jpg', 'New Line Cinema’s horror thriller “It,” directed by Andrés Muschietti, is based on the hugely popular Stephen King novel of the same name, which has been terrifying readers for decades. When children begin to disappear in the town of Derry, Maine, a group of young kids are faced with their biggest fears when they square off against an evil clown named Pennywise, whose history of murder and violence dates back for centuries.      Facebook     Twitter  Director     Andrés Muschietti  Writers     Chase Palmer, Cary Fukunaga, Gary Dauberman  Actors     Jaeden Lieberher, Wyatt Oleff, Jeremy Ray Taylor, Sophia Lillis, Finn Wolfhard, Jack Dylan Grazer, Chosen Jacobs, Nicholas Hamilton, Bill Skarsgård  Genre     Horror  Run Time     2 hours 15 minutes', '2017-09-08', 'IT,it,IT Horror movie', 'IT.mp4', '', 'HD 1080p', '1', '2017-09-18 00:00:00');
INSERT INTO `movies` VALUES ('14', '1', '1', 'Jason Bourne', 'Jason Bourne.jpg', 'Matt Damon returns to his most iconic role in Jason Bourne. Paul Greengrass, the director of The Bourne Supremacy and The Bourne Ultimatum, once again joins Damon for the next chapter of Universal Pictures’ Bourne franchise, which finds the CIA’s most lethal former operative drawn out of the shadows. For Jason Bourne, Damon is joined by Alicia Vikander, Vincent Cassel and Tommy Lee Jones, while Julia Stiles reprises her role in the series. Frank Marshall again produces alongside Jeffrey Weiner for Captivate Entertainment, and Greengrass, Damon, Gregory Goodman and Ben Smith also produce. Based on characters created by Robert Ludlum, the film is written by Greengrass and Christopher Rouse.      Facebook     Twitter     Official Website  Director     Paul Greengrass  Writers     Paul Greengrass, Christopher Rouse  Actors     Matt Damon, Julia Stiles, Alicia Vikander, Vincent Cassel, Tommy Lee Jones  Genre     Action and Adventure, Thriller  Run Time     2 hours 3 minutes', '2016-07-29', 'Jason Bourne', 'Jasonbourne-uk.mp4', '', 'HD 1080p', '1', '2017-09-18 00:00:00');
INSERT INTO `movies` VALUES ('15', '1', '7', 'Kidnap', 'kidnap.jpg', 'A typical afternoon in the park turns into a nightmare for single mom Karla Dyson (Academy Award winner Halle Berry) when her son suddenly disappears. Without a cell phone and knowing she has no time to wait for police help, Karla jumps in her own car and sets off in pursuit of the kidnappers. A relentless, edge-of-your seat chase ensues, where Karla must risk everything to not lose sight of her son. In this tense, action-fueled thriller, directed by Luis Prieto and from the producers of \"Salt\" and \"Transformers\", one mother’s heroic attempt to take back her son leads her to ask herself how far she will go to save her child.      Facebook     Twitter     Official Website  Director     Luis Prieto  Writers     Knate Lee  Actors     Halle Berry  Genre     Thriller  Run Time     1 hour 29 minutes', '2017-08-04', 'Kidnap', 'Kidnap.mp4', '', 'HD 1080p', '1', '2017-09-18 00:00:00');
INSERT INTO `movies` VALUES ('16', '1', '5', 'Kill Switch', 'Kill switch.jpg', 'Acclaimed writer-director Tim Smit explodes on to the scene with his futuristic, VFX-heavy feature debut! Kill Switch charts the story of a pilot battling to save his family and the planet, based on Smit’s short What’s In The Box? Set in a future version of the world, the video game style plot follows an experiment for unlimited energy, harnessing parallel universes, which goes wrong. Chased by drones and soldiers, pilot and physicist Will Porter must race through an imploding world to get the Redivider box to a tower, which will save humanity, including his family, in the real world.      Facebook     Twitter  Director     Tim Smit  Writers     Omid Nooshin, C. Kindinger  Actors     Dan Stevens, Bérénice Marlohe, Tygo Gernandt, Charity Wakefield  Genre     Science Fiction, Action and Adventure  Run Time     1 hour 31 minutes', '2017-12-10', 'Kill Switch,Science Fiction', 'Kill Switch.mp4', '', 'HD 1080p', '1', '2017-09-18 00:00:00');
INSERT INTO `movies` VALUES ('17', '1', '1', 'King Arthur: Legend of the Sword ', 'King Arthur.jpg', 'Acclaimed filmmaker Guy Ritchie brings his dynamic style to the epic fantasy action adventure “King Arthur: Legend of the Sword.” Starring Charlie Hunnam in the title role, the film is an iconoclastic take on the classic Excalibur myth, tracing Arthur’s journey from the streets to the throne. When the child Arthur’s father is murdered, Vortigern (Jude Law), Arthur’s uncle, seizes the crown. Robbed of his birthright and with no idea who he truly is, Arthur comes up the hard way in the back alleys of the city. But once he pulls the sword from the stone, his life is turned upside down and he is forced to acknowledge his true legacy… whether he likes it or not.      Facebook     Twitter     Official Website  Director     Guy Ritchie  Writers     Joby Harold, Guy Ritchie, Lionel Wigram  Actors     Charlie HunnamCharlie Hunnam, Astrid Bergès-Frisbey, Djimon Hounsou, Aidan Gillen, Jude Law, Eric Bana  Genre     Fantasy, Action and Adventure  Run Time     2 hours 6 minutes', '2017-05-12', 'King Arthur: Legend of the Sword,Legend of the Sword,King Arthur ', 'king-arthur.mp4', '', 'HD 1080p', '1', '2017-09-18 00:00:00');
INSERT INTO `movies` VALUES ('18', '1', '1', 'Kickboxer: Vengeance ', 'KingBoxer.jpg', 'After his brother is brutally killed by the fighter Tong Po (David Bautista), Kurt Sloane (Alain Moussi) travels to Thailand and trains with the legendary Master Durand (Jean-Claude Van Damme) to avenge his brother’s death.      Facebook     Twitter  Director     John Stockwell  Writers     Dimitri Logothetis, Jim McGrath  Actors     David Bautista, Alain Moussi, Gina Carano, Georges St-Pierre, Jean-Claude Van Damme  Genre     Action and Adventure  Run Time     1 hour 30 minutes', '1970-01-01', 'Kickboxer: Vengeance,Kickboxer', 'Kickboxer_ Vengeance.mp4', '', 'HD 1080p', '1', '2017-09-18 00:00:00');
INSERT INTO `movies` VALUES ('19', '1', '6', 'Kubo and the Two Strings', 'Kubo.jpg', 'From animation studio LAIKA comes an epic action-adventure set in a fantastical Japan. Clever, kindhearted Kubo (voiced by Art Parkinson of “Game of Thrones”) ekes out a humble living, telling stories to the people of his seaside town including Hosato (George Takei), Hashi (Cary-Hiroyuki Tagawa), and Kameyo (Brenda Vaccaro). But his relatively quiet existence is shattered when he accidentally summons a spirit from his past which storms down from the heavens to enforce an age-old vendetta. Now on the run, Kubo joins forces with Monkey (Charlize Theron) and Beetle (Matthew McConaughey), and sets out on a thrilling quest. With the help of his shamisen—a magical musical instrument—Kubo must battle gods and monsters, including the Moon King (Ralph Fiennes) and the twin Sisters (Rooney Mara), to unlock the secret of his legacy, reunite his family, and fulfill his heroic destiny.      Facebook     Twitter     Official Website  Director     Travis Knight  Writers     Marc Haimes, Chris Butler  Actors     Charlize Theron, Art Parkinson, and Ralph Fiennes, George Takei, Cary-Hiroyuki Tagawa, Brenda Vaccaro, with Rooney Mara, and Matthew McConaughey  Genre     Action and Adventure, Fantasy  Run Time     1 hour 41 minutes', '2016-08-19', 'Kubo and the Two Strings,Kubo', 'Kubo and the Two Strings.mp4', '', 'HD 1080p', '1', '2017-09-18 00:00:00');
INSERT INTO `movies` VALUES ('20', '1', '5', 'Logan', 'Logan.jpg', 'No synopsis available.      Facebook     Twitter     Official Website  Director     James Mangold  Writers     Michael Green, Scott Frank, James Mangold  Actors     Hugh Jackman, Patrick Stewart, Richard E. Grant, Boyd Holbrook, Stephen Merchant, Dafne Keen  Genre     Action and Adventure, Science Fiction  Run Time     2 hours 8 minutes', '2017-03-03', 'Logan', 'Logan.mp4', '', 'HD 1080p', '1', '2017-09-18 00:00:00');
INSERT INTO `movies` VALUES ('21', '1', '4', 'Magicians: Life in the Impossible ', 'Magicians.jpg', 'Equal parts awe-inspiring and heartbreaking, MAGICIANS captures the world of professional magic and the challenges that come with seeking illusory fame in a business where being sawed in half is the norm. The film follows four magicians on and off stage, exploring why they so passionately dedicate their lives to the craft of illusion. From the most humbling of road gigs to the grandest performances, from finding love to terrible personal loss, their journeys reflect the elation and struggle of persevering with a passion no matter what gets in the way.      Facebook     Twitter     Official Website  Director     Marcie Hume, Christoph Baaden  Actors     Jon Armstrong, David Minkin, Jan Rouven, Frank Alfter, Brian Gillis  Genre     Documentary, Comedy  Run Time     1 hour 28 minutes', '1970-01-01', 'Magicians: Life in the Impossible,Magicians,Life in the Impossible ', 'Magicians life in the impossible.mp4', '', 'HD 1080p', '1', '2017-09-18 00:00:00');
INSERT INTO `movies` VALUES ('22', '1', '5', 'Mechanic Resurrection', 'Mechanic Resurrection.jpg', 'Arthur Bishop returns as the Mechanic in the sequel to the 2011 action thriller. When the deceitful actions of a cunning but beautiful woman force him to return to the life he left behind, Bishop\'s life is once again in danger as he has to complete an impossible list of assassinations of the most dangerous men in the world.      Facebook     Twitter  Director     Dennis Gansel  Writers     Philip Shelby, Tony Mosher  Actors     Jason Statham, Jessica Alba, Tommy Lee Jones, Michelle Yeoh  Genre     Action and Adventure  Run Time     1 hour 34 minutes', '2016-08-26', 'Mechanic Resurrection,Mechanic', 'Mechanic.mp4', '', 'HD 1080p', '1', '2017-09-18 00:00:00');
INSERT INTO `movies` VALUES ('23', '1', '5', 'Miss Peregrine\'s Home for Peculiar Children ', 'Miss Peregrines.jpg', 'Synopsis not available.      Facebook     Twitter  Director     Tim Burton  Writers        Actors        Genre     Action and Adventure, Fantasy  Run Time     2 hours 7 minutes', '1970-01-01', 'Miss Peregrine\'s Home for Peculiar Children ,Miss Peregrine\'s', 'Miss Peregrine\'s Home for Peculiar Children.mp4', '', 'HD 1080p', '1', '2017-09-18 00:00:00');
INSERT INTO `movies` VALUES ('24', '1', '7', 'Nerve', 'Nerve.jpg', 'Industrious high school senior Vee Delmonico (Emma Roberts) has had it with living life on the sidelines. When pressured by friends to join the popular online game Nerve, Vee decides to sign up for just one dare in what seems like harmless fun. But as she finds herself caught up in the thrill of the adrenaline-fueled competition partnered with a mysterious stranger (Dave Franco), the game begins to take a sinister turn with increasingly dangerous acts, leading her into a high-stakes finale that will determine her entire future.      Facebook     Twitter     Official Website  Director     Henry Joost, Ariel Schulman  Writers     Jessica Sharzer  Actors     Emma Roberts, Dave Franco, Emily Meade, Miles Heizer, Juliette Lewis, Kimiko Glenn  Genre     Thriller  Run Time     1 hour 36 minutes', '2016-07-27', 'Nerve', 'Nerve.mp4', '', 'HD 1080p', '1', '2017-09-18 00:00:00');
INSERT INTO `movies` VALUES ('25', '1', '7', 'Ouija: Origin of Evil ', 'Ouija.jpg', 'It was never just a game. Inviting audiences again into the lore of the spirit board, Ouija: Origin of Evil tells a terrifying new tale as the follow-up to 2014’s sleeper hit that opened at number one. In 1965 Los Angeles, a widowed mother and her two daughters add a new stunt to bolster their séance scam business and unwittingly invite authentic evil into their home. When the youngest daughter is overtaken by the merciless spirit, this small family confronts unthinkable fears to save her and send her possessor back to the other side. Ouija: Origin of Evil is produced by Platinum Dunes partners Michael Bay, Brad Fuller and Andrew Form, Blumhouse Productions’ Jason Blum, alongside Hasbro’s Brian Goldner and Stephen Davis. Mike Flanagan directs from a screenplay he wrote with his Oculus and Before I Wake collaborator, Jeff Howard, and Universal will distribute the film worldwide.      Facebook     Twitter     Official Website  Director     Mike Flanagan  Writers     Mike Flanagan, Jeff Howard  Actors     Henry Thomas, Elizabeth Reaser, Doug Jones, Parker Mack, Sam Anderson, Kate Siegel, Annalise Basso, Lulu Wilson  Genre     Thriller  Run Time     1 hour 39 minutes', '2016-10-21', 'Ouija: Origin of Evil,Ouija,Origin of Evil ', 'Ouija  Origin of Evil.mp4', '', 'HD 1080p', '1', '2017-09-18 00:00:00');
INSERT INTO `movies` VALUES ('26', '1', '5', 'Passengers ', 'Paasengers.jpg', 'Jennifer Lawrence and Chris Pratt star in an exciting action-thriller about two passengers who are on a 120-year journey to another planet when their hibernation pods wake them 90 years too early. Jim and Aurora are forced to unravel the mystery behind the malfunction as the ship teeters on the brink of collapse, with the lives of thousands of passengers in jeopardy.      Facebook     Twitter  Director     Morten Tyldum  Writers     Jon Spaihts  Actors     Jennifer Lawrence, Chris Pratt, Michael Sheen, Laurence Fishburne  Genre     Action and Adventure, Science Fiction  Run Time     1 hour 56 minutes', '2016-12-21', 'Passengers', 'Passengers.mp4', '', 'HD 1080p', '1', '2017-09-18 00:00:00');
INSERT INTO `movies` VALUES ('27', '1', '6', 'Pete\'s Dragon ', 'Petes Dragon.jpg', 'A reimagining of Disney’s cherished family film, “Pete’s Dragon” is the adventure of an orphaned boy named Pete and his best friend Elliott, who just so happens to be a dragon.      Facebook     Twitter     Official Website  Director     David Lowery  Writers     David Lowery, Toby Halbrooks  Actors     Bryce Dallas Howard, Oakes Fegley, Wes Bentley, Karl Urban, Oona Laurence, Robert Redford  Genre     Fantasy, Action and Adventure  Run Time     1 hour 42 minutes', '2016-08-12', 'Pete\'s Dragon ', 'Petes dragon.mp4', '', 'HD 1080p', '1', '2017-09-18 00:00:00');
INSERT INTO `movies` VALUES ('28', '1', '1', 'Resident Evil: The Final Chapter ', 'Resident Evil.jpg', 'Based on Capcom’s hugely popular video game series comes the final installment in the most successful video game film franchise ever, which has grossed over $1 billion worldwide to date. Picking up immediately after the events in Resident Evil: Retribution, Alice (Milla Jovovich) is the only survivor of what was meant to be humanity’s final stand against the undead. Now, she must return to where the nightmare began – The Hive in Raccoon City, where the Umbrella Corporation is gathering its forces for a final strike against the only remaining survivors of the apocalypse.      Facebook     Twitter  Director     Paul W.S. Anderson  Actors     Milla Jovovich, Ali Larter, Shawn Roberts, Ruby Rose, Eoin Macken, Rola, Lee Joon-Gi, William Levy, Iain Glen  Genre     Action and Adventure  Run Time     1 hour 46 minutes', '2017-01-27', 'Resident Evil: The Final Chapter,The Final Chapter ', 'Resident evil the final.mp4', '', 'HD 1080p', '1', '2017-09-18 00:00:00');
INSERT INTO `movies` VALUES ('29', '1', '1', 'Rogue One: A Star Wars Story', 'Rogue One.jpg', 'Lucasfilm’s Rogue One, which takes place before the events of Star Wars: A New Hope, tells the story of unlikely heroes who have united to steal plans to the dreaded Death Star. The cast includes Felicity Jones, Diego Luna, Ben Mendelsohn, Donnie Yen, Jiang Wen, Mads Mikkelsen, Alan Tudyk, Riz Ahmed, and Forest Whitaker. \"Rogue One\" is directed by Gareth Edwards.      Facebook     Twitter  Director     Gareth Edwards  Actors     Felicity Jones, Diego Luna, Ben Mendelsohn, Donnie Yen, Jiang Wen, Mads Mikkelsen, Alan Tudyk, Riz Ahmed, Forest Whitaker  Genre     Science Fiction, Action and Adventure  Run Time     2 hours 14 minutes', '2016-12-16', 'Rogue One: A Star Wars Story,A Star Wars Story', 'Rogue One A Star Wars Story.mp4', '', 'HD 1080p', '1', '2017-09-18 00:00:00');
INSERT INTO `movies` VALUES ('30', '1', '7', 'Rupture', 'Rupture.jpg', 'RUPTURE follows Renee Morgan (Noomi Rapace), a single mom, who is deathly terrified of spiders. While in route to meet up with a friend, she is violently abducted by a group of strangers. After enduring intense yet strange questioning and examinations, some about her fear of spiders, Renee soon discovers that she is now the subject of an underground experiment. Her captors explain to her that she has a genetic abnormality that can potentially allow her to “rupture” and reveal her alien nature. Renee must find a way to escape before it is too late.      Facebook     Twitter  Director     Steven Shainberg  Writers     Steven Shainberg, Brian Nelson  Actors     Noomi Rapace, Peter Stormare, Lesley Manville, Kerry Bishe, Michael Chiklis  Genre     Science Fiction, Thriller  Run Time     1 hour 40 minutes', '2017-04-28', 'Rupture', 'Rupture.mp4', '', 'HD 1080p', '1', '2017-09-18 00:00:00');
INSERT INTO `movies` VALUES ('31', '1', '4', 'Sing', 'Sing.jpg', 'Illumination has captivated audiences all over the world with the beloved hits Despicable Me, Dr. Seuss’ The Lorax, Despicable Me 2 and Minions, now the second-highest-grossing animated movie in history. Following the release of The Secret Life of Pets in summer 2016, Illumination presents Sing at the holidays. Matthew McConaughey, Reese Witherspoon, Seth MacFarlane, Scarlett Johansson, John C. Reilly, Taron Egerton and Tori Kelly star in an animated feature about finding the shining star that lives inside all of us.      Facebook     Twitter     Official Website  Director     Garth Jennings  Writers     Garth Jennings  Actors     Matthew McConaughey, Reese Witherspoon, Seth MacFarlane, Scarlett Johansson, John C. Reilly, Taron Egerton, Tori Kelly, Nick Kroll, Jennifer Saunders, Peter Serafinowicz  Genre     Comedy, Musical,   Run Time     1 hour 48 minutes', '2016-12-21', 'Sing', 'Sing.mp4', '', 'HD 1080p', '1', '2017-09-18 00:00:00');
INSERT INTO `movies` VALUES ('32', '1', '5', 'Suicide Squad', 'Suicide Squad.jpg', 'From director David Ayer (\"Fury,\" \"End of Watch\") comes \"Suicide Squad,\" starring Oscar nominee Will Smith (\"Ali,\" \"The Pursuit of Happyness\"), Oscar winner Jared Leto (\"Dallas Buyers Club\"), Margot Robbie (\"The Wolf of Wall Street,\" \"Focus\"), Joel Kinnaman (Netflix’s \"House of Cards\") and Oscar nominee Viola Davis (\"The Help,\" \"Doubt\"). It feels good to be bad... Assemble a team of the world’s most dangerous, incarcerated Super-Villains, provide them with the most powerful arsenal at the government’s disposal, and send them off on a mission to defeat an enigmatic, insuperable entity. U.S. intelligence officer Amanda Waller has determined only a secretly convened group of disparate, despicable individuals with next to nothing to lose will do. However, once they realize they weren’t picked to succeed but chosen for their patent culpability when they inevitably fail, will the Suicide Squad resolve to die trying, or decide it’s every man for himself?      Facebook     Twitter  Director     David Ayer  Actors     Jared Leto, Will Smith, Jai Courtney, Margot Robbie, Cara Delevingne  Genre     Action and Adventure  Run Time     2 hours 10 minutes', '2016-08-05', 'Suicide Squad', 'Suicide Squad.mp4', '', 'HD 1080p', '1', '2017-09-18 00:00:00');
INSERT INTO `movies` VALUES ('33', '1', '6', 'The Boss Baby', 'The Boss baby.jpg', 'DreamWorks Animation and the director of Madagascar invite you to meet a most unusual baby. He wears a suit, speaks with the voice and wit of Alec Baldwin, and stars in the animated comedy, DreamWorks\' The Boss Baby. The Boss Baby is a hilariously universal story about how a new baby\'s arrival impacts a family, told from the point of view of a delightfully unreliable narrator, a wildly imaginative 7-year-old named Tim. With a sly, heart-filled message about the importance of family, DreamWorks\' The Boss Baby is an authentic and broadly appealing original comedy for all ages.      Facebook     Twitter     Official Website  Director     Tom McGrath  Writers     Michael McCullers  Actors     Alec Baldwin, Steve Buscemi, Jimmy Kimmel, Lisa Kudrow, Miles Bakshi  Genre     Comedy  Run Time     1 hour 37 minutes', '2017-03-31', 'The Boss Baby', 'Boss Baby.mp4', '', 'HD 1080p', '1', '2017-09-18 00:00:00');
INSERT INTO `movies` VALUES ('34', '1', '7', 'The Great Wall', 'The Great Wall.jpg', 'Starring global superstar Matt Damon and directed by one of the most breathtaking visual stylists of our time, Zhang Yimou (Hero, House of Flying Daggers), Legendary’s The Great Wall tells the story of an elite force making a valiant stand for humanity on the world’s most iconic structure. The first English-language production for Yimou is the largest film ever shot entirely in China. The Great Wall also stars Jing Tian, Pedro Pascal, Willem Dafoe and Andy Lau.      Facebook     Twitter     Official Website  Director     Zhang Yimou  Writers     Max Brooks and Edward Zwick, Marshall Herskovitz  Actors     Matt Damon, Jing Tian, Pedro Pascal, Willem Dafoe, Hanyu Zhang, Eddie Peng, Lu Han, Kenny Lin, Junkai Wang, Zheng Kai  Genre     Thriller  Run Time     1 hour 43 minutes', '2017-02-17', 'The Great Wall', 'The Great Wall.mp4', '', 'HD 1080p', '1', '2017-09-18 00:00:00');
INSERT INTO `movies` VALUES ('35', '1', '1', 'The Hunter\'s Prayer ', 'The Hunter Player.jpg', 'When an assassin’s conscience gets the better of him, he finds himself defying orders and instead protecting the young woman he was hired to kill. With both now marked for death, their only hope of survival is to form an uneasy alliance as they flee across Europe, hunted by powerful forces who will stop at nothing to kill them both. As the hitman drags the weight of his sins behind him and the young woman is forced to grow in spite of her situation, both come to understand that even if they survive, their souls may not.      Facebook     Twitter  Director     Jonathan Mostow  Writers     Michael Ferris, Jon Brancato  Actors     Sam Worthington, Odeya Rush, Allen Leech, Amy Landecker, Martin Compston, Veronica Echegui  Genre     Action and Adventure  Run Time     1 hour 31 minutes', '2017-06-09', 'The Hunter\'s Prayer ', 'The Hunter\'s Prayer.mp4', '', 'HD 1080p', '1', '2017-09-18 00:00:00');
INSERT INTO `movies` VALUES ('36', '1', '2', 'The Unspoken ', 'The UnSpoken.jpg', 'In 1997 the Anderson family vanished from their home without a trace. No bodies were ever found. For 17 years the house has remained undisturbed… until now.      Facebook     Twitter  Director     Sheldon Wilson  Writers     Sheldon Wilson  Actors     Jodelle Ferland, Neal McDonough, Sunny Suljic, Matt Bellefleur  Genre     Horror, Thriller  Run Time     1 hour 30 minutes', '2016-10-28', 'The Unspoken,Unspoken ', 'The UnSpoken.mp4', '', 'HD 1080p', '1', '2017-09-18 00:00:00');
INSERT INTO `movies` VALUES ('37', '1', '5', 'Underworld Blood War', 'Underworld Blood War.jpg', 'The next installment in the blockbuster franchise, UNDERWORLD: BLOOD WARS follows Vampire death dealer, Selene (Kate Beckinsale) as she fends off brutal attacks from both the Lycan clan and the Vampire faction that betrayed her. With her only allies, David (Theo James) and his father Thomas (Charles Dance), she must stop the eternal war between Lycans and Vampires, even if it means she has to make the ultimate sacrifice.      Facebook     Twitter  Director     Anna Foerster  Writers     Cory Goodman, Jayson Rothwell  Actors     Kate Beckinsale, Theo James, Lara Pulver, Tobias Menzies, Bradley James, James Faulkner, Charles Dance  Genre     Action and Adventure  Run Time     1 hour 31 minutes', '2017-01-06', 'Underworld Blood War', 'Underworld  Blood Wars.mp4', '', 'HD 1080p', '1', '2017-09-18 00:00:00');
INSERT INTO `movies` VALUES ('38', '1', '4', 'War Dogs', 'War Dog.jpg', 'Based on a true story, “War Dogs” follows two friends in their early 20s (Hill and Teller) living in Miami Beach during the Iraq War who exploit a little-known government initiative that allows small businesses to bid on U.S. Military contracts. Starting small, they begin raking in big money and are living the high life. But the pair gets in over their heads when they land a 300 million dollar deal to arm the Afghan Military—a deal that puts them in business with some very shady people, not the least of which turns out to be the U.S. Government.      Facebook     Twitter     Official Website  Director     Todd Phillips  Writers     Screenplay by Stephen Chin and Todd Phillips & Jason Smilovic, Based on the Rolling Stone article \"Arms and the Dudes\" by Guy Lawson  Actors     Jonah Hill, Miles Teller, Ana de Armas, Bradley Cooper  Genre     Comedy, Drama  Run Time     1 hour 54 minutes', '2016-08-19', 'War Dogs', 'War Dogs.mp4', '', 'HD 1080p', '1', '2017-09-18 00:00:00');
INSERT INTO `movies` VALUES ('39', '0', '7', 'Arrival', 'Arrival.jpg', 'When mysterious spacecraft touch down across the globe, an elite team—lead by expert linguist Louise Banks (Amy Adams)—are brought together to investigate. As mankind teeters on the verge of global war, Banks and the team race against time for answers—and to find them, she will take a chance that could threaten her life, and quite possibly humanity.\r\n\r\n    Facebook\r\n    Twitter\r\n\r\nDirector\r\n    Denis Villeneuve\r\n\r\nWriters\r\n    Ted Chiang, Eric Heisserer\r\n\r\nActors\r\n    Amy Adams, Jeremy Renner, Forest Whitaker\r\n\r\nGenre\r\n    Thriller, Science Fiction\r\n\r\nRun Time\r\n    1 hour 56 minutes', '2016-11-11', 'Arrival', 'Arrival.mp4', '', 'HD 1080p', '1', '2017-09-18 00:00:00');
INSERT INTO `movies` VALUES ('40', '0', '5', 'Blood Father', 'Blood Father.jpg', 'BLOOD FATHER stars Mel Gibson as John Link, an ex-convict who fights to protect his estranged daughter from the drug cartel that is hunting her down. In this thrilling action film, John must use his connections from his past life and his skills as an ex-criminal to keep him and his daughter alive. BLOOD FATHER also stars Erin Moriarty, Diego Luna, Michael Parks, and William H. Macy. BLOOD FATHER will be released by Lionsgate Premiere in theaters August 12, 2016. Lionsgate Premiere presents in association with Why Not Productions and Wild Bunch a Wild Bunch and Why Not Productions film.\r\n\r\n    Facebook\r\n    Twitter\r\n\r\nDirector\r\n    Jean-François Richet\r\n\r\nActors\r\n    Mel Gibson, Erin Moriarty, Diego Luna, Michael Parks, William H. Macy\r\n\r\nGenre\r\n    Action and Adventure\r\n\r\nRun Time\r\n    1 hour 30 minutes', '2016-08-12', 'Blood Father', 'Blood Father.mp4', '', 'HD 1080p', '1', '2017-09-18 00:00:00');
INSERT INTO `movies` VALUES ('41', '0', '1', 'Marvel\'s Doctor Strange ', 'Doctor Stange.jpg', 'Doctor Strange\" follows the story of neurosurgeon Doctor Stephen Strange who, after a horrific car accident, discovers the hidden world of magic and alternate dimensions.\r\n\r\n    Facebook\r\n    Twitter\r\n    Official Website\r\n\r\nDirector\r\n    Scott Derrickson\r\n\r\nWriters\r\n     \r\n\r\nActors\r\n    Benedict Cumberbatch, Chiwetel Ejiofor, Rachel McAdams, Michael Stuhlbarg, Mads Mikkelsen, Tilda Swinton\r\n\r\nGenre\r\n    Action and Adventure', '1970-01-01', 'Marvel\'s Doctor Strange,Doctor Strange ', '', '', 'HD 1080p', '1', '2017-09-17 00:00:00');
INSERT INTO `movies` VALUES ('42', '0', '6', 'Finding Dory', 'Finding Dory.jpg', 'Disney•Pixar\'s “Finding Dory” reunites everyone’s favorite forgetful blue tang, Dory, with her friends Nemo and Marlin on a search for answers about her past. What can she remember? Who are her parents? And where did she learn to speak Whale? Directed by Andrew Stanton (“Finding Nemo,” “WALL•E”) and produced by Lindsey Collins (co-producer “WALL•E”), the film features the voices of Ellen DeGeneres, Albert Brooks, Ed O\'Neill, Kaitlin Olson, Ty Burrell, Eugene Levy and Diane Keaton. “Finding Dory” swims into theaters June 17, 2016.\r\n\r\n    Facebook\r\n    Twitter\r\n\r\nDirector\r\n    Andrew Stanton\r\n\r\nActors\r\n    Ellen DeGeneres, Albert Brooks, Ed O\'Neill, Kaitlin Olson, Ty Burrell, Eugene Levy, Diane Keaton\r\n\r\nGenre\r\n    Comedy, Family, \r\n\r\nRun Time\r\n    1 hour 37 minutes', '2016-06-17', 'Finding Dory,Nemo', 'Finding Dory.mp4', '', 'HD 1080p', '1', '2017-09-18 00:00:00');
INSERT INTO `movies` VALUES ('43', '0', '5', 'Immortals', 'Immortals fight.jpg', 'The Immortalists is the story of two eccentric scientists struggling to create eternal youth with medical breakthroughs in a world they call “blind to the tragedy of old age.” Bill Andrews is a lab biologist and famed long-distance runner racing against the ultimate clock. Aubrey de Grey is a genius theoretical biologist who conducts his research with a beer in hand. They differ in style and substance, but are united in their common crusade: cure aging or die trying. They publicly brawl with the old guard of biology who argue that curing aging is neither possible nor desirable. As Andrews and de Grey battle their own aging and suffer the losses of loved ones, their journeys toward life without end ultimately become personal.\r\n\r\n    Facebook\r\n    Twitter\r\n    Official Website\r\n\r\nDirector\r\n    David Alvarado, Jason Sussberg\r\n\r\nActors\r\n    Aubrey de Grey, Bill Andrews, Colin Blakemore, Lenny Hayflick\r\n\r\nGenre\r\n    Documentary\r\n\r\nRun Time\r\n    1 hour 20 minutes', '2011-11-11', 'Immortals', 'Immortals.mp4', '', 'HD 1080p', '1', '2017-09-18 00:00:00');
INSERT INTO `movies` VALUES ('44', '0', '7', 'John Wick Chapter2', 'John Wick Chapter2.jpg', 'In this next chapter following the 2014 hit, legendary hitman John Wick (Keanu Reeves) is forced back out of retirement by a former associate plotting to seize control of a shadowy international assassins\' guild. Bound by a blood oath to help him, John travels to Rome, where he squares off against some of the world\'s deadliest killers.\r\n\r\n    Facebook\r\n    Twitter\r\n\r\nDirector\r\n    Chad Stahelski\r\n\r\nWriters\r\n    Derek Kolstad\r\n\r\nActors\r\n    Keanu Reeves, Common, Riccardo Scamarcio, Laurence Fishburne, Ruby Rose, Bridget Moynahan, Lance Roddick, Franco Nero, John Leguizamo, Ian McShane\r\n\r\nGenre\r\n    Thriller, Action and Adventure\r\n\r\nRun Time\r\n    2 hours 2 minutes', '2017-02-10', 'john Wick Chapter 2,john Wick', 'John Wick Chapter 2.mp4', '', 'HD 1080p', '1', '2017-09-18 00:00:00');
INSERT INTO `movies` VALUES ('45', '0', '5', 'Kong: Skull Island ', 'Kong Skull Island.jpg', 'A diverse team of explorers is brought together to venture deep into an uncharted island in the Pacific—as beautiful as it is treacherous—unaware that they’re crossing into the domain of the mythic Kong.\r\n\r\n    Facebook\r\n    Twitter\r\n    Official Website\r\n\r\nDirector\r\n    Jordan Vogt-Roberts\r\n\r\nWriters\r\n    Max Borenstein, John Gatins, Dan Gilroy, Derek Connolly\r\n\r\nActors\r\n    Tom Hiddleston, Samuel L. Jackson, Brie Larson, John Goodman, John C. Reilly\r\n\r\nGenre\r\n    Action and Adventure\r\n\r\nRun Time\r\n    1 hour 58 minutes', '2017-02-10', 'Kong: Skull Island,King Kong,Kong Skull Island', 'Kong Skull Island.mp4', '', 'HD 1080p', '1', '2017-09-18 00:00:00');
INSERT INTO `movies` VALUES ('46', '0', '5', 'Max Steel', 'Max Steel.jpg', '16-year old MAX MCGRATH has just moved to a new town—and is desperately trying to fit in—when he discovers his body can generate the universe\'s most powerful energy. Unbeknown to Max, a slightly rebellious and hilarious techno-organic extraterrestrial named Steel has been keeping an eye on him, hungry for his super-human energy. When they finally meet, they discover that together they form MAX STEEL, a superhero possessing powerful strength beyond anything in our world. These two unlikely friends soon find themselves hunted by sinister forces who want to control Max\'s powers, as well as an unstoppable enemy from another galaxy.\r\n\r\n    Facebook\r\n    Twitter\r\n    Official Website\r\n\r\nDirector\r\n    Stewart Hendler\r\n\r\nWriters\r\n    Christopher Yost\r\n\r\nActors\r\n    Ben Winchell, Maria Bello, Ana Villafane, Josh Brener, Andy Garcia\r\n\r\nGenre\r\n    Science Fiction, Family\r\n\r\nRun Time\r\n    1 hour 32 minutes', '2016-02-14', 'Max Steel', 'Max Steel.mp4', '', 'HD 1080p', '1', '2017-09-18 00:00:00');
INSERT INTO `movies` VALUES ('47', '0', '2', 'Morgan', 'Morgan.jpg', 'A corporate troubleshooter (Kate Mara) is sent to a remote, top-secret location, where she is to investigate and evaluate a terrifying accident. She learns the event was triggered by a seemingly innocent “human,” who presents a mystery of both infinite promise and incalculable danger.\r\n\r\n    Facebook\r\n    Twitter\r\n    Official Website\r\n\r\nDirector\r\n    Luke Scott\r\n\r\nWriters\r\n    Seth Owen\r\n\r\nActors\r\n    Kate Mara, Anya Taylor-Joy, Toby Jones, Rose Leslie, Boyd Holbrook, Michelle Yeoh, Jennifer Jason Leigh, Paul Giamatti\r\n\r\nGenre\r\n    Horror\r\n\r\nRun Time\r\n    1 hour 32 minutes', '2016-01-22', 'Morgan', 'Morgan.mp4', '', 'HD 1080p', '1', '2017-09-18 00:00:00');
INSERT INTO `movies` VALUES ('48', '0', '5', 'Pirates of the Caribbean: Dead Men Tell No Tales', 'Parates of Caribbean Dead me.jpg', 'Johnny Depp returns to the big screen as the iconic, swashbuckling anti-hero Jack Sparrow in the all-new “Pirates of the Caribbean: Dead Men Tell No Tales,” a rip-roaring adventure that finds down-on-his-luck Captain Jack feeling the winds of ill-fortune blowing strongly his way when deadly ghost sailors, led by the terrifying Captain Salazar, escape from the Devil\'s Triangle bent on killing every pirate at sea—notably Jack.\r\n\r\n    Facebook\r\n    Twitter\r\n    Official Website\r\n\r\nDirector\r\n    Joachim Rønning, Espen Sandberg\r\n\r\nActors\r\n    Johnny Depp, Javier Bardem, Brenton Thwaites, Kevin R. McNally, Kaya Scodelario, Golshifteh Farahani, Stephen Graham, David Wenham, Geoffrey Rush\r\n\r\nGenre\r\n    Action and Adventure\r\n\r\nRun Time\r\n    2 hours 15 minutes', '2017-02-26', 'Pirates of the Caribbean: Dead Men Tell No Tales,Pirates of the Caribbean', 'Pirates of the Caribbean On Stranger Tides.mp4', '', 'HD 1080p', '1', '2017-09-18 00:00:00');
INSERT INTO `movies` VALUES ('49', '0', '7', 'The Returned ', 'Returned.jpg', 'THE RETURNED is set in a post-zombie world where a treatment called the “Return Protein” can stop the spread of the virus if injected quickly after infection, but cannot cure it. With daily injections, the “Returned” are able to live relatively normal lives, but with brutal attacks at the hands of Anti-Return groups and rumors that protein stock is running low, the world is again on the brink of chaos. In the midst of this turmoil are Alex (Kris Holden-Reid) and Kate (Emily Hampshire), a young, successful and enviable couple that are hiding a long held secret – Alex is Returned. Suspicious that a government order for all the Returned to report to a secure medical facility ‘for their own safety’, the couple flees, taking with them all the doses of “Return Protein” they have.\r\n\r\n    Facebook\r\n    Twitter\r\n\r\nDirector\r\n    Manuel Carballo\r\n\r\nWriters\r\n    Hatem Khraiche\r\n\r\nActors\r\n    Kris Holden-Reid, Emily Hampshire, Shawn Doyle, Claudia Bassols\r\n\r\nGenre\r\n    Thriller, Horror\r\n\r\nRun Time\r\n    1 hour 38 minutes', '2014-02-14', 'The Returned ', 'The Returned.mp4', '', 'HD 1080p', '1', '2017-09-18 00:00:00');
INSERT INTO `movies` VALUES ('50', '0', '6', 'Trolls', 'Trolls.jpg', 'From the creators of Shrek comes the most smart, funny, irreverent animated comedy of the year, DreamWorks’ Trolls. This holiday season, enter a colorful, wondrous world populated by hilariously unforgettable characters and discover the story of the overly optimistic Trolls, with a constant song on their lips, and the comically pessimistic Bergens, who are only happy when they have trolls in their stomach.\r\n\r\n    Facebook\r\n    Twitter\r\n\r\nDirector\r\n    Mike Mitchell, Walt Dohrn\r\n\r\nActors\r\n    Anna Kendrick, Justin Timberlake, Christopher Mintz-Plasse, Russell Brand, Zooey Deschanel, Jeffrey Tambor, Christine Baranski, James Corden, Kunal Nayyar, Ron Funches\r\n\r\nGenre\r\n    Family, Comedy\r\n\r\nRun Time\r\n    1 hour 32 minutes', '2016-02-04', 'Trolls,', 'Trolls.mp4', '', 'HD 1080p', '1', '2017-09-18 00:00:00');
INSERT INTO `movies` VALUES ('51', '0', '1', 'xXx: Return of Xander Cage', 'xXx Return of Xander.jpg', 'Through a revolutionary technology that unlocks his genetic memories, Callum Lynch (Michael Fassbender) experiences the adventures of his ancestor, Aguilar, in 15th Century Spain. Callum discovers he is descended from a mysterious secret society, the Assassins, and amasses incredible knowledge and skills to take on the oppressive and powerful Templar organization in the present day.\r\n\r\n    Facebook\r\n    Twitter\r\n    Official Website\r\n\r\nDirector\r\n    Justin Kurzel\r\n\r\nActors\r\n    Michael Fassbender, Marion Cotillard, Jeremy Irons, Brendan Gleeson, Michael K. Williams\r\n\r\nGenre\r\n    Action and Adventure, Science Fiction\r\n\r\nRun Time\r\n    1 hour 55 minutes', '2017-02-20', 'xXx: Return of Xander Cage,xXx', 'xXx_ Return.mp4', '', 'HD 1080p', '1', '2017-09-18 00:00:00');
INSERT INTO `movies` VALUES ('52', '0', '2', 'Rings', 'Ring.jpg', 'A new chapter in the beloved RING horror franchise. A young woman becomes worried about her boyfriend when he explores a dark subculture surrounding a mysterious videotape said to kill the watcher seven days after he has viewed it. She sacrifices herself to save her boyfriend, and in doing so makes a horrifying discovery: there is a “movie within the movie” that no one has ever seen before…\r\n\r\n    Facebook\r\n    Twitter\r\n    Official Website\r\n\r\nDirector\r\n    F. Javier Gutierrez\r\n\r\nActors\r\n    Matilda Lutz, Alex Roe, Johnny Galecki, Aimee Teegarden, Bonnie Morgan, Vincent D\'Onofrio\r\n\r\nGenre\r\n    Horror, Thriller\r\n\r\nRun Time\r\n    1 hour 42 minutes', '2016-02-03', 'Rings', 'Rings.mp4', '', 'HD 1080p', '1', '2017-09-18 00:00:00');
INSERT INTO `movies` VALUES ('53', '0', '6', 'The BFG', 'The BFG.jpg', 'The talents of three of the world’s greatest storytellers—Roald Dahl, Walt Disney and Steven Spielberg—finally unite to bring Dahl’s beloved classic “The BFG” to life. Directed by Spielberg, Disney’s “The BFG” tells the imaginative story of a young girl and the Giant who introduces her to the wonders and perils of Giant Country.\r\n\r\n    Facebook\r\n    Twitter\r\n    Official Website\r\n\r\nDirector\r\n    Steven Spielberg\r\n\r\nWriters\r\n    Melissa Mathison\r\n\r\nActors\r\n    Mark Rylance, Ruby Barnhill, Penelope Wilton, Jemaine Clement, Rebecca Hall, Rafe Spall, Bill Hader\r\n\r\nGenre\r\n    Fantasy, Action and Adventure\r\n\r\nRun Time\r\n    1 hour 55 minutes', '2016-07-01', 'The BFG,BFG', 'The BFG.mp4', '', 'HD 1080p', '1', '2017-09-18 00:00:00');
INSERT INTO `movies` VALUES ('54', '7', '1', 'Spectral', 'Spectral.jpg', '', '2016-12-09', 'Spectral', 'Spectral.mp4', '', 'HD 1080p', '1', '2017-09-18 13:17:43');
INSERT INTO `movies` VALUES ('55', '7', '1', 'The Matrix Reloaded', 'The Matrix Reloaded.jpg', '', '2003-05-15', 'The Matrix Reloaded,Matrix Reloaded', 'Matrix Reloaded.mp4', '', 'HD 1080p', '1', '2017-09-18 13:21:40');
INSERT INTO `movies` VALUES ('56', '7', '1', 'Inception', 'Inception.jpg', '', '1970-01-01', 'Inception', 'Inception.mp4', '', 'HD 1080p', '1', '2017-09-18 13:33:05');
INSERT INTO `movies` VALUES ('57', '7', '1', 'Rambo Stallone(2008)', 'Rambo(2008).jpg', '', '2008-05-10', 'Rambo(2008),Rambo,Rambo (2008)', 'Rambo (2008).mp4', '', 'HD 1080p', '1', '2017-09-18 14:01:52');
INSERT INTO `movies` VALUES ('58', '7', '1', 'Rambo Stallone III(1988)', 'Rambo III(1988).jpg', '', '1988-05-20', 'Rambo Stallone III,Rambo Stallone III(1988)', 'Rambo III (1988).mp4', '', 'HD 1080p', '1', '2017-09-18 14:04:35');
INSERT INTO `movies` VALUES ('59', '7', '1', 'Rambo Stallone First Blood II(1985)', 'Rambo first blood.jpg', '', '1985-05-10', 'Rambo First Blood II(1985)', 'Rambo- First Blood Part 2 (1985).mp4', '', 'HD 1080p', '1', '2017-09-18 14:06:46');
INSERT INTO `movies` VALUES ('60', '7', '5', 'Earthtastrophe', 'Earthtastrophe.jpg', '', '2016-11-19', 'Earthtastrophe', 'Earthtastrophe.mp4', '', 'HD 1080p', '1', '2017-09-18 14:10:36');
INSERT INTO `movies` VALUES ('61', '7', '7', 'Inside', 'INSIDE.jpg', '', '2017-07-05', 'INSIDE (2017),Inside', 'INSIDE (2017).mp4', '', 'HD 1080p', '1', '2017-09-18 14:13:22');
INSERT INTO `movies` VALUES ('62', '7', '8', 'Teleios', 'Teleios.jpg', '', '2017-08-10', 'Teleios', 'Teleios (Trailer).mp4', '', 'HD 1080p', '1', '2017-09-18 14:15:33');
INSERT INTO `movies` VALUES ('63', '7', '1', 'Level Up', 'Level Up.jpg', '', '2016-10-05', 'Level Up', 'Level Up(2016) - Josh Bowman.mp4', '', 'HD 1080p', '1', '2017-09-18 14:19:15');
INSERT INTO `movies` VALUES ('64', '7', '5', 'Viking Legacy', 'Vikings Legacy.jpg', '', '2016-08-05', 'Viking Legacy', 'Viking Legacy.mp4', '', 'HD 1080p', '1', '2017-09-18 14:21:05');
INSERT INTO `movies` VALUES ('65', '7', '1', 'ស្វាដែក Monkey Twins', 'Monkey Twins.jpg', '', '2016-10-08', '???????? ?????????? Monkey Twins,Monkey Twins', '???????? ?????????? Monkey Twins.mp4', '', 'HD 1080p', '1', '2017-09-18 14:23:19');
INSERT INTO `movies` VALUES ('66', '7', '7', 'The Hatching', 'The Hatching.jpg', '', '2016-07-06', 'THE HATCHING (2016),The Hatching', 'THE HATCHING (2016).mp4', '', 'HD 1080p', '1', '2017-09-18 14:26:28');
INSERT INTO `movies` VALUES ('67', '7', '7', 'Jack Goes Home', 'Jack Goes Home.jpg', '', '2016-03-06', 'Jack Goes Home', 'Jack Goes Home.mp4', '', 'HD 1080p', '1', '2017-09-18 14:28:38');
INSERT INTO `movies` VALUES ('68', '7', '2', 'Fear Inc', 'Fear Inc.jpg', '', '2016-01-20', 'Fear Inc', 'Fear, Inc.mp4', '', 'HD 1080p', '1', '2017-09-18 15:35:12');
INSERT INTO `movies` VALUES ('69', '7', '1', 'The Fate of the Furious 8', 'Fast8.jpg', 'Now that Dom and Letty are on their honeymoon and Brian and Mia have retired from the game- and the rest of the crew has been exonerated- the globetrotting team has found a semblance of a normal life. But when a mysterious woman (Charlize Theron) seduces Dom into the world of crime he cant seem to escape and a betrayal of those closest to him, they will face trials that will test them as never before.', '2017-04-14', 'Fast & Furious 8,Fast 8', 'Fast & Furious 8.mp4', '', 'HD 1080p', '1', '2017-09-18 15:40:14');
INSERT INTO `movies` VALUES ('70', '7', '1', 'xXx(2002)', 'xXx(2002).jpg', '', '2002-07-10', 'xXx(2002),xXx', 'xXx (2002).mp4', '', 'HD 1080p', '1', '2017-09-18 15:42:48');
INSERT INTO `movies` VALUES ('71', '7', '8', 'Star Trek Into Darkness', 'Star Trek Into Darkness.jpg', '\"Star Trek Beyond,\" the highly anticipated next installment in the globally popular Star Trek franchise, created by Gene Roddenberry and reintroduced by J.J. Abrams in 2009, returns with director Justin Lin (“The Fast and the Furious” franchise) at the helm of this epic voyage of the U.S.S. Enterprise and her intrepid crew. In “Beyond,\" the Enterprise crew explores the furthest reaches of uncharted space, where they encounter a mysterious new enemy who puts them and everything the Federation stands for to the test.', '2016-02-22', 'Star Trek Into Darkness', 'Start Trek.mp4', '', 'HD 1080p', '1', '2017-09-18 15:50:20');
INSERT INTO `movies` VALUES ('72', '7', '8', 'Marvel\'s Doctor Strange', 'Doctor Stange1.jpg', '\"Doctor Strange\" follows the story of neurosurgeon Doctor Stephen Strange who, after a horrific car accident, discovers the hidden world of magic and alternate dimensions', '2016-02-04', 'Marvel\'s Doctor Strange,Doctor Strange', 'Marvel\'s Doctor Strange.mp4', '', 'HD 1080p', '1', '2017-09-18 15:55:22');

-- ----------------------------
-- Table structure for slider
-- ----------------------------
DROP TABLE IF EXISTS `slider`;
CREATE TABLE `slider` (
  `slider_id` int(11) NOT NULL AUTO_INCREMENT,
  `slider_title` varchar(100) NOT NULL,
  `slider_image` varchar(100) NOT NULL,
  `slider_link` varchar(255) NOT NULL,
  PRIMARY KEY (`slider_id`)
) ENGINE=InnoDB AUTO_INCREMENT=10 DEFAULT CHARSET=latin1;

-- ----------------------------
-- Records of slider
-- ----------------------------
INSERT INTO `slider` VALUES ('6', 'kong Skull Island', 'Miss Peregrines.jpg', 'ddddddddddd');
INSERT INTO `slider` VALUES ('8', 'ggg', 'Assassins.jpg', 'gggggggg');
INSERT INTO `slider` VALUES ('9', 'The-Great-Gatsby', 'Avenger Age Ultron.jpg', 'The-Great-Gatsby');

-- ----------------------------
-- Table structure for users
-- ----------------------------
DROP TABLE IF EXISTS `users`;
CREATE TABLE `users` (
  `user_id` int(11) NOT NULL AUTO_INCREMENT,
  `username` varchar(100) NOT NULL,
  `password` varchar(100) NOT NULL,
  `fullname` varchar(100) NOT NULL,
  `user_image` varchar(100) NOT NULL,
  `user_role` varchar(100) NOT NULL,
  `date_added` datetime NOT NULL,
  PRIMARY KEY (`user_id`)
) ENGINE=InnoDB AUTO_INCREMENT=9 DEFAULT CHARSET=latin1;

-- ----------------------------
-- Records of users
-- ----------------------------
INSERT INTO `users` VALUES ('6', 'hong', 'ZHLOqIcte3uEs39NIq/hjnE5j1qGlI3jxlRFUSBnVRw=', 'Heng Kimhong', 'a2-2.jpg', 'Subscriber', '2017-09-07 16:03:07');
INSERT INTO `users` VALUES ('7', 'admin', 'QrUgcNdRjaE74hfEIeThKa/RaqA9N/KpBI+X7VeiyfE=', 'Admin', 'user8-128x128.jpg', 'Admin', '2017-09-08 07:55:08');
INSERT INTO `users` VALUES ('8', 'admin', 'ZHLOqIcte3uEs39NIq/hjnE5j1qGlI3jxlRFUSBnVRw=', 'admin test', 'avatar2.png', 'Subscriber', '2017-09-08 10:23:30');
SET FOREIGN_KEY_CHECKS=1;
